{
	"format_version": "1.8.0",
	"animations": {
		"animation.npc.steve.aiduaemve": {
			"loop": true,
			"animation_length": 0.9583,
			"override_previous_animation": true,
			"bones": {
				"root": {
					"position": {
						"0.0": [2, 0, 0],
						"0.0417": [1.85438, 0, 0],
						"0.0833": [1.56411, 0, 0],
						"0.125": [1.21027, 0, 0],
						"0.1667": [0.82217, 0, 0],
						"0.3333": [-0.82217, 0, 0],
						"0.375": [-1.21027, 0, 0],
						"0.4167": [-1.56411, 0, 0],
						"0.4583": [-1.85438, 0, 0],
						"0.5": [-2, 0, 0],
						"0.5417": [-1.84493, 0, 0],
						"0.5833": [-1.52459, 0, 0],
						"0.625": [-1.1279, 0, 0],
						"0.6667": [-0.69046, 0, 0],
						"0.7917": [0.6905, 0, 0],
						"0.8333": [1.12793, 0, 0],
						"0.875": [1.52462, 0, 0],
						"0.9167": [1.84495, 0, 0],
						"0.9583": [2, 0, 0]
					}
				},
				"body": {
					"rotation": {
						"0.0": [0, 0, -10],
						"0.0417": [0, 0, -9.40101],
						"0.0833": [0, 0, -7.61564],
						"0.1667": [0, 0, -2.38436],
						"0.2083": [0, 0, -0.59899],
						"0.25": [0, 0, 0],
						"0.2917": [0, 0, 0.59899],
						"0.3333": [0, 0, 2.38436],
						"0.4167": [0, 0, 7.61564],
						"0.4583": [0, 0, 9.40101],
						"0.5": [0, 0, 10],
						"0.5417": [0, 0, 9.40101],
						"0.5833": [0, 0, 7.61564],
						"0.6667": [0, 0, 2.38436],
						"0.7083": [0, 0, 0.59899],
						"0.75": [0, 0, 0],
						"0.7917": [0, 0, -0.68454],
						"0.8333": [0, 0, -3.15083],
						"0.875": [0, 0, -6.84944],
						"0.9167": [0, 0, -9.31558],
						"0.9583": [0, 0, -10]
					},
					"position": {
						"0.0": [-2, 1, 0],
						"0.0417": [-1.8802, 0.9401, 0],
						"0.0833": [-1.52313, 0.76156, 0],
						"0.1667": [-0.47687, 0.23844, 0],
						"0.2083": [-0.1198, 0.0599, 0],
						"0.25": [0, 0, 0],
						"0.2917": [0.1198, 0.0599, 0],
						"0.3333": [0.47687, 0.23844, 0],
						"0.4167": [1.52313, 0.76156, 0],
						"0.4583": [1.8802, 0.9401, 0],
						"0.5": [2, 1, 0],
						"0.5417": [1.8802, 0.9401, 0],
						"0.5833": [1.52313, 0.76156, 0],
						"0.6667": [0.47687, 0.23844, 0],
						"0.7083": [0.1198, 0.0599, 0],
						"0.75": [0, 0, 0],
						"0.7917": [-0.13691, 0.06845, 0],
						"0.8333": [-0.63017, 0.31508, 0],
						"0.875": [-1.36989, 0.68494, 0],
						"0.9167": [-1.86312, 0.93156, 0],
						"0.9583": [-2, 1, 0]
					}
				},
				"head": {
					"rotation": {
						"0.0": [0, 0, 10],
						"0.0417": [0, 0, 8.80202],
						"0.0833": [0, 0, 5.23128],
						"0.1667": [0, 0, -5.23128],
						"0.2083": [0, 0, -8.80202],
						"0.25": [0, 0, -10],
						"0.5": [0, 0, -10],
						"0.5417": [0, 0, -8.80202],
						"0.5833": [0, 0, -5.23128],
						"0.6667": [0, 0, 5.23128],
						"0.7083": [0, 0, 8.80202],
						"0.75": [0, 0, 10],
						"0.9583": [0, 0, 10]
					},
					"position": {
						"0.0": [0, 0, 0],
						"0.25": [0, 0, 0],
						"0.5": [0, 0, 0],
						"0.75": [0, 0, 0],
						"0.9583": [0, 0, 0]
					}
				},
				"leftArm": {
					"rotation": {
						"0.0": [6.66733, 13.98264, 21.25013],
						"0.0417": [6.73818, 14.29431, 20.84825],
						"0.0833": [6.96913, 15.18961, 19.6937],
						"0.125": [7.36082, 16.41041, 18.11913],
						"0.1667": [7.85719, 17.45294, 16.77395],
						"0.2083": [8.37095, 17.86655, 16.23921],
						"0.25": [8.84, 17.5, 16.71],
						"0.2917": [9.30894, 17.13641, 17.18063],
						"0.3333": [9.82188, 17.55834, 16.64537],
						"0.375": [10.31568, 18.61171, 15.29937],
						"0.4167": [10.70213, 19.84072, 13.72384],
						"0.4583": [10.92505, 20.73719, 12.56842],
						"0.5": [10.98565, 21.04178, 12.16586],
						"0.5417": [10.7892, 20.92206, 12.30768],
						"0.5833": [10.24597, 20.55386, 12.77485],
						"0.625": [9.50997, 19.93007, 13.57649],
						"0.6667": [8.88132, 19.13063, 14.60766],
						"0.7083": [8.6281, 18.28788, 15.69499],
						"0.75": [8.84, 17.5, 16.71],
						"0.7917": [9.0458, 16.65539, 17.79777],
						"0.8333": [8.61601, 15.60728, 19.14991],
						"0.875": [7.62707, 14.62205, 20.42291],
						"0.9167": [6.88346, 14.10854, 21.08716],
						"0.9583": [6.66733, 13.98264, 21.25013]
					},
					"position": {
						"0.0": [1, 0, 0],
						"0.0417": [0.896, -0.03161, 0],
						"0.0833": [0.59075, -0.13525, 0],
						"0.125": [0.15627, -0.31254, 0],
						"0.1667": [-0.25324, -0.53978, 0],
						"0.2083": [-0.49101, -0.77837, 0],
						"0.25": [-0.5, -1, 0],
						"0.2917": [-0.38919, -1.22163, 0],
						"0.3333": [-0.26989, -1.46022, 0],
						"0.375": [-0.15627, -1.68746, 0],
						"0.4167": [-0.06762, -1.86475, 0],
						"0.4583": [-0.0158, -1.96839, 0],
						"0.5": [0, -2, 0],
						"0.5417": [-0.0441, -1.91181, 0],
						"0.5833": [-0.17081, -1.65838, 0],
						"0.625": [-0.34373, -1.31254, 0],
						"0.6667": [-0.49168, -1.01665, 0],
						"0.7083": [-0.55091, -0.89817, 0],
						"0.75": [-0.5, -1, 0],
						"0.7917": [-0.31273, -1.10073, 0],
						"0.8333": [0.08252, -0.9047, 0],
						"0.875": [0.59308, -0.44639, 0],
						"0.9167": [0.91342, -0.10062, 0],
						"0.9583": [1, 0, 0]
					}
				},
				"rightArm": {
					"rotation": {
						"0.0": [6.66733, -13.98264, -21.25013],
						"0.0417": [6.73818, -14.09235, -21.10812],
						"0.0833": [6.96913, -14.45301, -20.64151],
						"0.125": [7.36082, -15.07223, -19.84101],
						"0.25": [8.84, -17.5, -16.71],
						"0.375": [10.31568, -19.93007, -13.57649],
						"0.4167": [10.70213, -20.55386, -12.77485],
						"0.4583": [10.92505, -20.92206, -12.30768],
						"0.5": [10.98565, -21.04178, -12.16586],
						"0.5417": [10.7892, -20.73719, -12.56842],
						"0.5833": [10.24597, -19.84072, -13.72384],
						"0.625": [9.50997, -18.61171, -15.29937],
						"0.6667": [8.88132, -17.55834, -16.64537],
						"0.7083": [8.6281, -17.13641, -17.18063],
						"0.75": [8.84, -17.5, -16.71],
						"0.7917": [9.0458, -17.86306, -16.24381],
						"0.8333": [8.61601, -17.1762, -17.13113],
						"0.875": [7.62707, -15.55957, -19.21657],
						"0.9167": [6.88346, -14.33821, -20.79164],
						"0.9583": [6.66733, -13.98264, -21.25013]
					},
					"position": {
						"0.0": [-1, 0, 0],
						"0.0417": [-0.9243, -0.03161, 0],
						"0.0833": [-0.69394, -0.13525, 0],
						"0.125": [-0.34373, -0.31254, 0],
						"0.1667": [0.03145, -0.53978, 0],
						"0.2083": [0.32929, -0.77837, 0],
						"0.25": [0.5, -1, 0],
						"0.2917": [0.55091, -1.22163, 0],
						"0.3333": [0.49168, -1.46022, 0],
						"0.375": [0.34373, -1.68746, 0],
						"0.4167": [0.17081, -1.86475, 0],
						"0.4583": [0.0441, -1.96839, 0],
						"0.5": [0, -2, 0],
						"0.5417": [0.0158, -1.91181, 0],
						"0.5833": [0.06762, -1.65838, 0],
						"0.625": [0.15627, -1.31254, 0],
						"0.6667": [0.26989, -1.01665, 0],
						"0.7083": [0.38919, -0.89817, 0],
						"0.75": [0.5, -1, 0],
						"0.7917": [0.48191, -1.10073, 0],
						"0.8333": [0.13727, -0.9047, 0],
						"0.875": [-0.46175, -0.44639, 0],
						"0.9167": [-0.88125, -0.10062, 0],
						"0.9583": [-1, 0, 0]
					}
				},
				"leftLeg": {
					"rotation": {
						"0.0": {
							"post": [0, -10, 0],
							"lerp_mode": "catmullrom"
						},
						"0.25": {
							"post": [0, -4.32, -8.52],
							"lerp_mode": "catmullrom"
						},
						"0.5": {
							"post": [0, 0, -15],
							"lerp_mode": "catmullrom"
						},
						"0.75": {
							"post": [0, -5.71, -6.44],
							"lerp_mode": "catmullrom"
						},
						"0.9583": {
							"post": [0, -10, 0],
							"lerp_mode": "catmullrom"
						}
					},
					"position": {
						"0.0": {
							"post": [0, 0, 0],
							"lerp_mode": "catmullrom"
						},
						"0.25": {
							"post": [0, 0, 0],
							"lerp_mode": "catmullrom"
						},
						"0.5": {
							"post": [0, -1, 0],
							"lerp_mode": "catmullrom"
						},
						"0.75": {
							"post": [0, 0, 0],
							"lerp_mode": "catmullrom"
						},
						"0.9583": {
							"post": [0, 0, 0],
							"lerp_mode": "catmullrom"
						}
					}
				},
				"rightLeg": {
					"rotation": {
						"0.0": {
							"post": [0, 0, 15],
							"lerp_mode": "catmullrom"
						},